UID,Title,Article_Link,Authors,Abstract,Publication,Num_citation,Cited_by_url,Published_Year
wk3BzInugvQJ,[HTML][HTML]Using a novel clustered 3D-CNNmodel for improving crop future price prediction,https://www.sciencedirect.com/science/article/pii/S0950705122012291,"['L Cheung', ' Y Wang', 'ASM Lau', ' RMC Chan']",… the production environment andeconomicfactors in predicting …CNNis the modern methodto overcome the limitations of the traditional statistical methods to predict the price trend.CNN…,Elsevier,9,"/scholar?cites=17618906967839952322&as_sdt=2005&sciodt=0,5&hl=en",2023
yPTzPrPBfzcJ,Framing international media in the face of social movements:CNNand Al-Jazeera English in the fall of Morsi,https://repositorio.consejodecomunicacion.gob.ec/handle/CONSEJO_REP/3734,['M Elena'],"… As we have seen in the identification of frames, Al-Jazeera English does not explore thecauses in depth, whileCNNunderlineseconomicreasons, poor management and lack of …",.consejodecomunicacion.gob.ec,27,"/scholar?cites=3999127969727771848&as_sdt=2005&sciodt=0,5&hl=en",2016
9wcvS0VKLAkJ,A graph-basedCNN-LSTM stock price prediction algorithm with leading indicators,https://link.springer.com/article/10.1007/s00530-021-00758-w,"['JMT Wu', ' Z Li', 'N Herencsar', 'B Vo', ' JCW Lin']","… So financing refers to the process ofeconomicoperation; … factors, includingeconomictrends,economiccycles,economic… analysis, financial theory andeconomicanalysis, time series …",Springer,159,"/scholar?cites=660984906791192567&as_sdt=2005&sciodt=0,5&hl=en",2023
aX1MkEwvMpkJ,Bypassing the gateways: International news onCNNWorld Report,https://www.tandfonline.com/doi/abs/10.1080/08824099309359931,"['JE Fryman', ' BJ Bates']","… The analysis indicates thatCNNWORLD REPORT … cultural,economic, and developmentaltopics and less emphasis on war, disasters, and conflict. The analysis also indicates thatCNN…",Francis,14,"/scholar?cites=11038937642523458921&as_sdt=2005&sciodt=0,5&hl=en",1993
OA_KF9ibMf0J,TheCNNdefect: Representations of race and historical justice in the Zimbabwean election,https://www.tandfonline.com/doi/abs/10.1080/13216597.2011.589365,['L Moyo'],… a politicaleconomicnature suggests thatCNNdoes … ‘economicfree fall’ and not blackempowerment. The obsession with dictatorial Mugabe and his violent land reform blinds theCNN…,Francis,8,"/scholar?cites=18244534917868949304&as_sdt=2005&sciodt=0,5&hl=en",2011
i-TJHusxYMwJ,Plant leaf disease detection usingCNNalgorithm,https://www.igi-global.com/article/plant-leaf-disease-detection-using-cnn-algorithm/273224,"['P Deepalakshmi', ' K Lavanya…']","…economicdevelopment in India. The fertility of soil, weather conditions, and cropeconomic… by extracting features from input images usingCNNalgorithm. These features extracted help …",igi-global.com,44,"/scholar?cites=14726825667405145227&as_sdt=2005&sciodt=0,5&hl=en",2021
_IO45rDfUpMJ,Global television news and foreign policy: Debating theCNNeffect,https://academic.oup.com/isp/article-abstract/6/3/325/1846890,['E Gilboa'],"… The first uses of the term in newspapers referred to the adverse psychological,economic,and financial consequences ofCNN’s war coverage. In an interview conducted shortly after the …",academic.oup.com,150,"/scholar?cites=10615793222543770620&as_sdt=2005&sciodt=0,5&hl=en",2005
e-plar5fMXoJ,CNNbased disease detection approach on potato leaves,https://ieeexplore.ieee.org/abstract/document/9316021/,"['MKR Asif', 'MA Rahman', 'MH Hena']",…CNNmodel is used for this research to detect the disease from images of the potato leafbecause inCNN… balance system and agriculturaleconomicsituation too. The level of demand is …,ieeexplore.ieee.org,56,"/scholar?cites=8804924017919519355&as_sdt=2005&sciodt=0,5&hl=en",2020
bRPuDxGH2E0J,EO-CNN: an enhancedCNNmodel trained by equilibrium optimization for traffic transportation prediction,https://www.sciencedirect.com/science/article/pii/S1877050920319724,"['T Nguyen', 'G Nguyen', 'BM Nguyen']","… areas like traffic transportation,economicgrowth, weather …CNNbased on meta-heuristicalgorithm Equilibrium Optimization (EO). The proposed model, therefore, is called by EO-CNN…",Elsevier,45,"/scholar?cites=5609381843241407341&as_sdt=2005&sciodt=0,5&hl=en",2020
6b-_QN9zW_8J,Bitcoin price forecasting method based onCNN‐LSTM hybrid neural network model,https://ietresearch.onlinelibrary.wiley.com/doi/abs/10.1049/joe.2019.1203,"['Y Li', ' W Dai']","… (CNN) is used to extract the characteristics that have a great influence on Bitcoin price inthe data set, and then long short-term memory (LSTM) is used for price forecasting. ACNN-…",Library,51,"/scholar?cites=18400428105253502953&as_sdt=2005&sciodt=0,5&hl=en",2020
7setVupY37sJ,"On videocameralistics: the geopolitics of failed states, theCNNInternational and (UN) governmentality",https://www.tandfonline.com/doi/abs/10.1080/09672299708565789,"['TW Luke', 'G o Tuathail']",… The third dynamic is the regulatory imperatives ofeconomicgrowth and political stabilityexerted by hege monic states and institutions upon the strong and the weak alike. This article …,Francis,74,"/scholar?cites=13537636768398821358&as_sdt=2005&sciodt=0,5&hl=en",1997
Z9kqI6ObOewJ,Intelligent machine fault diagnosis with effective denoising using EEMD-ICA-FuzzyEn andCNN,https://www.tandfonline.com/doi/abs/10.1080/00207543.2022.2122621,"['H Zhou', 'W Chen', ' C Shen', ' L Cheng…']","… The 2DCNNshows better and more robust performance in … approaches, including 1DCNNand 2DCNN, achieve nearly … Moreover, this paper proposes an improvedCNNmodel with …",Francis,12,"/scholar?cites=17021807391595485543&as_sdt=2005&sciodt=0,5&hl=en",2023
nUr12kfEuRIJ,DAD-MCNN: DDoS attack detection via multi-channelCNN,https://dl.acm.org/doi/abs/10.1145/3318299.3318329,"['J Chen', 'Y Yang', ' K Hu', 'H Zheng', ' Z Wang']","… of attacks, has produced seriouseconomicdamages. DDoS attack … , a multi-channelCNN(MC-CNN) based DDoS attack detection … (2) MC-CNNis applied to detect DDoS attack and …",dl.acm.org,33,"/scholar?cites=1349325376269404829&as_sdt=2005&sciodt=0,5&hl=en",2019
SgPZSckazeEJ,Attention-basedCNN-LSTM and XGBoost hybrid model for stock prediction,https://arxiv.org/abs/2204.02623,"['Z Shi', ' Y Hu', ' G Mo', ' J Wu']",… importance in the financial andeconomicdevelopment. Due to … paper proposes anattentionbasedCNN-LSTM and XGBoost … The pre-training model is the Attention-based …,arxiv.org,15,"/scholar?cites=16270690480589177674&as_sdt=2005&sciodt=0,5&hl=en",2022
SiFX9whwIDAJ,Exploring VIIRS night light long-term time series withCNN/SI for urban change detection and aerosol monitoring,https://www.mdpi.com/2072-4292/14/13/3126,"['C Cao', 'B Zhang', ' F Xia', 'Y Bai']","… many novel studies in both geophysical and socialeconomicresearch. In particular, the VIIRS… For socialeconomicapplications, numerous published results have correlatedeconomic…",mdpi.com,5,"/scholar?cites=3467894896887013706&as_sdt=2005&sciodt=0,5&hl=en",2022
Na3pazklYmEJ,ConvOPF-DOP: A data-driven method for solving AC-OPF based onCNNconsidering different operation patterns,https://ieeexplore.ieee.org/abstract/document/9745376/,"['Y Jia', 'X Bai', ' L Zheng', ' Z Weng…']","… significant problem in theeconomicoperation of power systems… based on ConvolutionalNeural Network (CNN), to solve the AC… data, optimize hyperparameters of theCNNmodel by the …",ieeexplore.ieee.org,13,"/scholar?cites=7017212097950494005&as_sdt=2005&sciodt=0,5&hl=en",2022
_42H-_P0xAkJ,Classification of beans leaf diseases using fine tunedcnnmodel,https://www.sciencedirect.com/science/article/pii/S1877050923000170,"['V Singh', 'A Chug', 'AP Singh']","… of different Convolutional Neural Network (CNN) models. The … role of different optimizerson theCNNmodels. Furthermore, … It will further revenue theeconomicgrowth and agricultural …",Elsevier,21,"/scholar?cites=703956770510835199&as_sdt=2005&sciodt=0,5&hl=en",2023
-D1UyDeRTdIJ,Developing an Efficient System with Mask R-CNNfor Agricultural Applications,https://ageconsearch.umn.edu/record/334659/,"['B Jabir', 'KE Moutaouakil', ' N Falih']","… fed into a Mask R-CNNmodel. The training stage … (CNN) and the algorithms used inour study. Then, we present the datasets and tools used in our implementation of the Mask R-CNN…",ageconsearch.umn.edu,2,"/scholar?cites=15153927989941779960&as_sdt=2005&sciodt=0,5&hl=en",2023
8LmRVpOECsgJ,Dry bean cultivars classification using deepcnnfeatures and salp swarm algorithm based extreme learning machine,https://www.sciencedirect.com/science/article/pii/S0168169922008833,"['M Dogan', 'YS Taspinar', 'I Cinar', 'R Kursun…']","Since dry bean varieties have different qualities andeconomicvalues, their separation is ofgreat importance in the field of agriculture. In recent years, the use of artificial intelligence-…",Elsevier,34,"/scholar?cites=14414479325700143600&as_sdt=2005&sciodt=0,5&hl=en",2023
LmTJrNI3a2UJ,CNNand the evolution of complex information systems in nature and technology,https://ieeexplore.ieee.org/abstract/document/1035086/,['K Mainzer'],"… Cellular NeuraliNonlinear Networks (CNN) are considered …economics, and philosophy an'globalism' and 'localism' underlines the importance of theCNNparadigm for social,economic…",ieeexplore.ieee.org,3,"/scholar?cites=7307996198320301102&as_sdt=2005&sciodt=0,5&hl=en",2002
g0jeaEWL4hoJ,Potato blight detection using fine-tunedCNNarchitecture,https://www.mdpi.com/2227-7390/11/6/1516,['MH Al'],"… It also contributes to theeconomicgrowth of developing and underdeveloped countries. …Therefore, considering these challenges, we customised a convolutional neural network (CNN) …",mdpi.com,14,"/scholar?cites=1937263919951136899&as_sdt=2005&sciodt=0,5&hl=en",2023
biHxiB2Osm8J,Rice disease detection and monitoring usingCNNand naive Bayes classification,https://link.springer.com/chapter/10.1007/978-981-15-7394-1_2,"['D Mohapatra', 'J Tripathy', 'TK Patra']","… Now, an exact identification is possible which will increase the predictability andeconomicgrowth of all farmers as well as the economy condition of our country. This process not only …",Springer,23,"/scholar?cites=8048651741567197550&as_sdt=2005&sciodt=0,5&hl=en",2021
riJiRF-pLd8J,MG-CNN: A deepCNNto predict saddle points of matrix games,https://www.sciencedirect.com/science/article/pii/S0893608022003586,"['D Wu', 'A Lisser']","… problem that arises in various fields, eg,economics, computer science, and engineering.The … or MG-CNNfor short. Thanks to a global pooling technique, MG-CNNcan solve matrix …",Elsevier,9,"/scholar?cites=16081696071044178606&as_sdt=2005&sciodt=0,5&hl=en",2022
2JCoupru_OwJ,Federated learning-based multi-energy load forecasting method usingCNN-Attention-LSTM model,https://www.mdpi.com/2071-1050/14/19/12843,"['G Zhang', ' S Zhu', 'X Bai']",… mechanism for alleviating environmental andeconomicpressures. As a part of …CNN-Attention-LSTMmodel based on federated learning to forecast the multi-energy load of IEMs.CNN-…,mdpi.com,15,"/scholar?cites=17076786235406061784&as_sdt=2005&sciodt=0,5&hl=en",2022
3Vp7YOiPR1EJ,Carbon futures price forecasting based with ARIMA-CNN-LSTM model,https://www.sciencedirect.com/science/article/pii/S1877050919319660,"['L Ji', ' Y Zou', 'K He', ' B Zhu']","… In the meantime, new models such as theCNN, LSTM, LightGBM emerging in the … in thefinance andeconomicsfield [8]. The convolutional neural network (CNN) has the capability to …",Elsevier,95,"/scholar?cites=5856808068632500957&as_sdt=2005&sciodt=0,5&hl=en",2019
Z-oRLPkL1NUJ,A Novel Hybrid Model for Gasoline Prices Forecasting Based on Lasso andCNN,https://ieeexplore.ieee.org/abstract/document/9964050/,"['H Yang', ' X Tian', ' X Jin', ' H Wang']","… Since an oil price shock is strongly correlated with the correspondingeconomicrecession, …been studied to explain a variety ofeconomicphenomena, such as demand for automobiles[3…",ieeexplore.ieee.org,1,"/scholar?cites=15407953389955443303&as_sdt=2005&sciodt=0,5&hl=en",2022
8N0-QTdeALIJ,Portrayal of Islam and Muslims in the Talk Shows ofCNNand BBC,https://www.indianjournals.com/ijor.aspx?target=ijor:mw&volume=7&issue=3&article=001,"['N Hayat', 'JA Wahab']","… 50 episodes of talk shows onCNNand BBC about the representation of Islam and Muslims.The findings outline that instead of religion, human rights,economicsand war on terror both …",indianjournals.com,6,"/scholar?cites=12826355330162023920&as_sdt=2005&sciodt=0,5&hl=en",2016
c5j0lpPXjg4J,"Aerosol optical depth forecast over global dust belt based on LSTM,CNN-LSTM, CONV-LSTM and FFT algorithms",https://ieeexplore.ieee.org/abstract/document/9535571/,"['N Daoud', 'M Eltahan…']","Aerosols are sources of the uncertainty in the global atmosphere and climate. They havemany critical health,economicand social impacts. In this paper, we assess prediction of …",ieeexplore.ieee.org,16,"/scholar?cites=1049012792116680819&as_sdt=2005&sciodt=0,5&hl=en",2021
hLsKvE2uSXsJ,Multi-frequency-band deepCNNmodel for tool wear prediction,https://iopscience.iop.org/article/10.1088/1361-6501/abb7a0/meta,"['J Duan', ' J Duan', ' H Zhou', ' X Zhan', ' T Li…']","A reliable data-driven tool condition monitoring system is more and more promising for cuttingdown on machine downtime andeconomiclosses. However, traditional methods are not …",iopscience.iop.org,29,"/scholar?cites=8883823388855548804&as_sdt=2005&sciodt=0,5&hl=en",2021
kAKidpb_Z70J,CNNbased leaf disease identification and remedy recommendation system,https://ieeexplore.ieee.org/abstract/document/8821872/,"['V Suma', ' RA Shetty', ' RF Tated…']",Agriculture is one field which has a high impact on life andeconomicstatus of human beings.Improper management leads to loss in agricultural products. Farmers lack the knowledge …,ieeexplore.ieee.org,30,"/scholar?cites=13648158217470083728&as_sdt=2005&sciodt=0,5&hl=en",2019
z-WrEYUstfwJ,[PDF][PDF]Real-time diseases detection of grape and grape leaves using faster r-cnnand ssd mobilenet architectures,https://www.researchgate.net/profile/Akif-Durdu/publication/334987612_Real-Time_Diseases_Detection_of_Grape_and_Grape_Leaves_using_Faster_R-CNN_and_SSD_MobileNet_Architectures/links/5d490a7c299bf1995b695254/Real-Time-Diseases-Detection-of-Grape-and-Grape-Leaves-using-Faster-R-CNN-and-SSD-MobileNet-Architectures.pdf,"['S Ghoury', 'C Sungur', 'A Durdu']",… Accurate and rapid detection of diseases and pests in plants can help to develop anearly treatment technique while greatly reducingeconomiclosses. It is very difficult and time-…,researchgate.net,51,"/scholar?cites=18209509618381219279&as_sdt=2005&sciodt=0,5&hl=en",2019
OSs31ALz17cJ,"Comparative performance of fourCNN-based deep learning variants in detecting Hispa pest, two fungal diseases, and NPK deficiency symptoms of rice (Oryza sativa)",https://www.sciencedirect.com/science/article/pii/S0168169922006494,"['B Dey', 'MMU Haque', ' R Khatun', 'R Ahmed']","… Neural Network (CNN) and four pre-trained deepCNNmodels, for … Relatively simplestructuredCNNwas found to predict … stress symptoms in othereconomiccrops could also be …",Elsevier,30,"/scholar?cites=13247324022409472825&as_sdt=2005&sciodt=0,5&hl=en",2022
7sCCmc0H9WMJ,The pest and disease identification in the growth of sweet peppers using faster R-CNNand mask R-CNN,https://jit.ndhu.edu.tw/article/view/2282,"['TL Lin', ' HY Chang', ' KH Chen']","… prevent their occurrence in advance and avoideconomiclosses. Early identification of pests… The Faster R-CNNexhibited a regional recognition accuracy of 89%, and the Mask R-CNN…",jit.ndhu.edu.tw,30,"/scholar?cites=7202671758674149614&as_sdt=2005&sciodt=0,5&hl=en",2020
MN0AuEVjqUgJ,[PDF][PDF]Early prediction of plant diseases usingCNNand GANs,https://www.researchgate.net/profile/Yasser-Abd-El-Latif/publication/351993817_Early_Prediction_of_Plant_Diseases_using_CNN_and_GANs/links/60b4c97492851cd0d988f957/Early-Prediction-of-Plant-Diseases-using-CNN-and-GANs.pdf,"['AA Gomaa', 'YM Abd El']","… crop production and quality with hugeeconomiclosses to the farmers and the country. Thisin turn increases the market price of crops and food, which increase the purchase burden of …",researchgate.net,14,"/scholar?cites=5235825192885869872&as_sdt=2005&sciodt=0,5&hl=en",2021
I-tXBlxal5gJ,A multi-energy load forecasting method based on parallel architectureCNN-GRU and transfer learning for data deficient integrated energy systems,https://www.sciencedirect.com/science/article/pii/S0360544222018667,"['C Li', 'G Li', ' K Wang', ' B Han']","In the integrated energy system with small samples, insufficient data limits the accuracy ofenergy load forecasting and thereafter affects the system'seconomicoperation and optimal …",Elsevier,54,"/scholar?cites=10995356366538271523&as_sdt=2005&sciodt=0,5&hl=en",2022
9FVKC0goTswJ,"Cnn-lstm deep learning based forecasting model for covid-19 infection cases in Nigeria, South Africa and Botswana",https://link.springer.com/article/10.1007/s12553-022-00711-5,"['LJ Muhammad', 'AA Haruna', 'US Sharif…']","… great deal amounts of catastrophes such aseconomicrecession, political instability and loss… andeconomicsectors. Therefore, in this work, we combined Convolutional Neural Network (…",Springer,5,"/scholar?cites=14721748521812907508&as_sdt=2005&sciodt=0,5&hl=en",2022
4to_Brf_lI0J,Hybrid short-term load forecasting using CGAN withCNNand semi-supervised regression,https://www.sciencedirect.com/science/article/pii/S0306261923002842,"['X Bu', 'Q Wu', ' B Zhou', ' C Li']","… Therefore, a generator combined withCNNis introduced in this …economicoperation ofpower systems. Therefore, this paper proposes a hybrid STLF model using the CGAN withCNN…",Elsevier,8,"/scholar?cites=10202060217449962210&as_sdt=2005&sciodt=0,5&hl=en",2023
2RAprG59WBgJ,ACNN-based methodology for breast cancer diagnosis using thermal images,https://www.tandfonline.com/doi/abs/10.1080/21681163.2020.1824685,['J Zuluaga'],"… countries still lack access due toeconomic, social, or cultural … convolutional neural networks(CNN) using thermal images. … Among the 57 patients database, ourCNNmodels obtained …",Francis,144,"/scholar?cites=1754289969149055193&as_sdt=2005&sciodt=0,5&hl=en",2021
n-t31iTUr5YJ,Petroleum price prediction withcnn-lstm andcnn-gru using skip-connection,https://www.mdpi.com/2227-7390/11/3/547,"['GI Kim', 'B Jang']","Crude oil plays an important role in the global economy, as it contributes one-third of the energyconsumption worldwide. However, despite its importance in policymaking andeconomic…",mdpi.com,10,"/scholar?cites=10858130481295649695&as_sdt=2005&sciodt=0,5&hl=en",2023
weatWz0jrvUJ,“Down the Middle”:CNN10and the Ideology of Objectivity,https://www.tandfonline.com/doi/abs/10.1080/17512786.2021.2008812,['P Parks'],"… the ideology of objectivity shapesCNN’s discursive choices and … Finally, I describeCNN10and contextualize its role at the … would reduceeconomicpain and facilitate quicker recovery. …",Francis,4,"/scholar?cites=17703125931678099137&as_sdt=2005&sciodt=0,5&hl=en",2023
hEYL1g3k_Q0J,Short-term load forecasting model of distribution transformer based onCNNand LSTM,https://ieeexplore.ieee.org/abstract/document/9279813/,"['S Luo', ' Y Rao', ' J Chen', ' H Wang…']",This paper proposed a novel short-term load forecasting method using a hybrid model ofConvolutional Neural Networks (CNN) and Long Short-Term Memory (LSTM) for distribution …,ieeexplore.ieee.org,17,"/scholar?cites=1008212639677630084&as_sdt=2005&sciodt=0,5&hl=en",2020
MvS-WFArHHsJ,Research on phishing webpage detection technology based onCNN-BiLSTM algorithm,https://iopscience.iop.org/article/10.1088/1742-6596/1738/1/012131/meta,"['Q Zhang', ' Y Bu', ' B Chen', ' S Zhang…']","… phishing webpages to obtaineconomicbenefits. Currently, the … used Convolution NeuralNetwork (CNN) to detect phishing … phishing detection method based onCNNand Bi-directional …",iopscience.iop.org,13,"/scholar?cites=8871012990099321906&as_sdt=2005&sciodt=0,5&hl=en",2021
itV9DPib--4J,Ndvi versuscnnfeatures in deep learning for land cover clasification of aerial images,https://ieeexplore.ieee.org/abstract/document/8900165/,"['A Ramanath', 'S Muthusrinivasan', 'Y Xie…']","… ) overCNNfeatures on simple machine learning models such as SVMs, decision trees,random forests. Our study is an extension of this comparison where we look at NDVI versusCNN…",ieeexplore.ieee.org,26,"/scholar?cites=17220529089844991370&as_sdt=2005&sciodt=0,5&hl=en",201
gVwU7i4kh9gJ,"External Communication Research of the Belt and Road Initiative——Comparative analysis of the relevant reports on the Belt and Road Initiative in China daily,CNN…",https://www.atlantis-press.com/proceedings/mmetss-19/125919628,['L Hu'],"… and CNBC, and it even ranks top 1 in CNBC's ranking ofeconomickeywords. A large …towardseconomicaspects of the initiative fromCNNand CNBC can be seen clearly. BothCNN…",atlantis-press.com,2,"/scholar?cites=15602479218029780097&as_sdt=2005&sciodt=0,5&hl=en",2019
CpRGLf5ao9UJ,Student Graduation Prediction Model using Deep Learning Convolutional Neural Network (CNN),https://ieeexplore.ieee.org/abstract/document/9920449/,"['A Salam', 'J Zeniarja…']","… of student activities, as well aseconomicand other considerations. This necessitates theexistence … (CNN) algorithm to predict student graduation. The classification model with theCNN…",ieeexplore.ieee.org,3,"/scholar?cites=15394247999010280458&as_sdt=2005&sciodt=0,5&hl=en",2022
GqAc4HrcpNoJ,"Conservative Media and Political Socialization: Immigration, Gay Marriage, and Abortion as Presented by Fox News, the Wall Street Journal, andCNN",https://mds.marshall.edu/etd/398/,['J McKay'],"… will likely beeconomic, whereasCNNwill probably have very littleeconomicdiscussionwithin … social issues than bothCNNand The Wall Street Journal, but will find ways to interject …",mds.marshall.edu,1,"/scholar?cites=15754959816752930842&as_sdt=2005&sciodt=0,5&hl=en",2012
Gr_B4k_kf3AJ,DeepCNN-based methods to evaluate neighborhood-scale urban valuation through street scenes perception,https://ieeexplore.ieee.org/abstract/document/8411833/,"['J Zhao', 'X Liu', ' Y Kuang', 'YV Chen…']","… approach will be more human-centered, which can be extended to help urban planners andcitizens to explore the significant impacts on city decision optimization or spatialeconomics-…",ieeexplore.ieee.org,13,"/scholar?cites=8106448886048079642&as_sdt=2005&sciodt=0,5&hl=en",2018
D9j6RrTtRbgJ,Multisensor-based tool wear diagnosis using 1D-CNNand DGCCA,https://link.springer.com/article/10.1007/s10489-022-03773-0,"['Y Yin', ' S Wang', ' J Zhou']","… efficiency andeconomics, monitoring and … -CNN) and deep generalized canonical correlationanalysis (DGCCA) for multiple sensors-based tool wear diagnosis. In particular, 1D-CNNis …",Springer,16,"/scholar?cites=13278280434912516111&as_sdt=2005&sciodt=0,5&hl=en",2023
9iY3J1qjtyYJ,Between Al-Jazeera andCNN: Indicators of media use by Belgian ethnic minority youth,https://www.degruyter.com/document/doi/10.1515/COMMUN.2006.027/html,"['D Sinardet', 'D Mortelmans']","… actually differs from that of their Belgian counterparts, and instead focuses on the roleethnicity plays as a determinant of media use when weighed up against other socio-economicor …",degruyter.com,31,"/scholar?cites=2789878101779621622&as_sdt=2005&sciodt=0,5&hl=en",2006
C51ckdL94PYJ,Product differentiation in national TV newscasts: A comparison of the cable all-news networks and the broadcast networks,https://www.tandfonline.com/doi/abs/10.1207/s15506878jobem4401_5,['HS Bae'],"… ' andCNN'snewscasts discovered thatCNN'sbusiness andeconomicnews stories were …However,CNN'sreporting was of less depth compared to network reporting, despite the two-…",Francis,91,"/scholar?cites=17789497608937184523&as_sdt=2005&sciodt=0,5&hl=en",2000
oRxjSKr_e54J,Grading and fraud detection of saffron via learning-to-augment incorporated Inception-v4CNN,https://www.sciencedirect.com/science/article/pii/S0956713522007472,"['M Momeny', 'AA Neshat', 'A Jahanbakhshi', 'M Mahmoudi…']","… sole motive of gaining moreeconomicprofit. Today, machine … Neural Network (LAII-v4CNN)was developed for grading and … with the proposed LAII-v4CNNusing images corrupted by …",Elsevier,25,"/scholar?cites=11420002386952002721&as_sdt=2005&sciodt=0,5&hl=en",2023
eI8K5FkJFRsJ,Authenticity and nominal detection of Indonesian banknotes using ROI andCNN,https://ieeexplore.ieee.org/abstract/document/9532585/,"['AM Yusuf', 'S Suyanto']","… We are considering alleconomictransaction activities in a country. Counterfeit money is …as a transaction tool to meet society’seconomicneeds, money can also be used as a …",ieeexplore.ieee.org,2,"/scholar?cites=1951476295217614712&as_sdt=2005&sciodt=0,5&hl=en",2021
_suUw_Jh92kJ,Estimating oil palm tree yield and soil composition using multi-scaleCNNand vegetation indices,https://ijisae.org/index.php/IJISAE/article/view/2457,"['E Irwansyah', 'AAS Gunawan', ' I Dzikri']","… decisions to provide maximumeconomicbenefits. By implementing the Multi-ScaleCNNmodel, oil … Then by developing a prototype that integrates the Multi-ScaleCNNmodel and the …",ijisae.org,2,"/scholar?cites=7635679388521253886&as_sdt=2005&sciodt=0,5&hl=en",2023
qm4sIn5A6WIJ,Comparative analysis of multiple deepCNNmodels for waste classification,https://arxiv.org/abs/2004.02168,"['D Gyawali', ' A Regmi', ' A Shakya', 'A Gautam…']","… Improper waste management has an adverse effect ineconomic, public health and the …Effective waste recycling is botheconomicand environmentally beneficial. It can help in …",arxiv.org,33,"/scholar?cites=7127298795773914794&as_sdt=2005&sciodt=0,5&hl=en",2020
W1_aCOnSgioJ,A NovelCNN-LSTM Model for Predicting the Railway Sector Stock Price in the Tehran Stock Exchange,https://ieeexplore.ieee.org/abstract/document/10139258/,"['F Bodaghi', 'A Owhadi', 'AK Nasr…']","… the development of rail transport has exceptionally positive and significant effects on thecountry's macroeconomy, and investment in this sector leads to the prosperity of othereconomic…",ieeexplore.ieee.org,1,"/scholar?cites=3063242594883100507&as_sdt=2005&sciodt=0,5&hl=en",2023
Oybyi8ik2LEJ,A hybridCNN-BiLSTM approach-based variational mode decomposition for tool wear monitoring,https://link.springer.com/article/10.1007/s00170-021-08448-7,"['R Bazi', ' T Benkedjouh', 'H Habbouche', 'S Rechak…']","… The cutting tool degradation can cause significanteconomic… , Convolutional Neural Networks(CNN) and Bidirectional long … The model development based on 1D-CNNand BiLSTM are …",Springer,40,"/scholar?cites=12815173920931063355&as_sdt=2005&sciodt=0,5&hl=en",2022
ylfZw5FHtvIJ,Solar power prediction using dual streamCNN-LSTM architecture,https://www.mdpi.com/1424-8220/23/2/945,"['H Alharkan', 'S Habib', 'M Islam']","… system brings greateconomicand environmental benefits. … (CNN) and long short-termnemory (LSTM) network followed by a self-attention mechanism network (DSCLANet). Here,CNN…",mdpi.com,9,"/scholar?cites=17489244894321530826&as_sdt=2005&sciodt=0,5&hl=en",2023
_tpyr-3fjNAJ,"Comparing inception V3, VGG 16, VGG 19,CNN, and ResNet 50: a case study on early detection of a rice disease",https://www.mdpi.com/2073-4395/13/6/1633,"['SR Shah', 'S Qadri', ' H Bibi', ' SMW Shah', 'MI Sharif…']","… The model combinedCNNlayers with R-CNNfor the target frame and detected the rice …deepCNN, combined with the naive Bayes algorithm, generates aneconomicadvancement [30]…",mdpi.com,6,"/scholar?cites=15027632268572285694&as_sdt=2005&sciodt=0,5&hl=en",2023
VUoojNV_2coJ,A Multi-Factor Selection and Fusion Method through theCNN-LSTM Network for Dynamic Price Forecasting,https://www.mdpi.com/2227-7390/11/5/1132,"['Y Liu', 'C Yang', ' K Huang', ' W Liu']","…economicsmethods, statistical methods, and artificial intelligence methods. For chaoticeconomics… Chaoticeconomicscan take into account the impact of complex relationships, but it is …",mdpi.com,3,"/scholar?cites=14616854620763867733&as_sdt=2005&sciodt=0,5&hl=en",2023
_ZJlacjva_UJ,[HTML][HTML]Application ofCNN-based machine learning in the study of motor fault diagnosis,https://www.hindawi.com/journals/cin/2022/9635251/,"['X Peng', ' L Wei', ' W Gao']","… impact on the entire production process, leading to a seriouseconomicand social life. Inthis paper, aCNN-based machine learning fault diagnosis method is proposed to address the …",hindawi.com,2,"/scholar?cites=17684492005841146621&as_sdt=2005&sciodt=0,5&hl=en",2022
I8yINb2kQaMJ,Analysis and prediction of gold price usingCNNand Bi-GRU based neural network model,https://ieeexplore.ieee.org/abstract/document/9689880/,"['MM Billah', 'S Das']","… As gold is essential for maintaining value, investment, and nationaleconomicstability, it isundoubtedly vital to forecast the price of gold accurately. In this paper, we proposed a hybrid …",ieeexplore.ieee.org,5,"/scholar?cites=11763864834222378019&as_sdt=2005&sciodt=0,5&hl=en",2021
IbmdG3dnMFgJ,A lightweightCNN-based algorithm and implementation on embedded system for real-time face recognition,https://link.springer.com/article/10.1007/s00530-022-00973-z,"['Z Chen', ' J Chen', ' G Ding', ' H Huang']","… In recent years, a batch of research on lightweight convolutional neural networks (CNNs)has emerged, bringing new ideas to theeconomicapplication of face recognition systems. In …",Springer,7,"/scholar?cites=6354692835481860385&as_sdt=2005&sciodt=0,5&hl=en",2023
6kUldF2PjcUJ,Towards automatic depression detection: A BiLSTM/1DCNN-based model,https://www.mdpi.com/2076-3417/10/23/8701,"['L Lin', ' X Chen', 'Y Shen', 'L Zhang']","… Our approach consists of a 1DCNNmodel and a BiLSTM … preserve discriminative information,1DCNNand BiLSTM with an … In the end, embeddings from 1DCNNand BiLSTM models …",mdpi.com,44,"/scholar?cites=14235191628731336170&as_sdt=2005&sciodt=0,5&hl=en",2020
c5gwBG4B23QJ,Lactating sow postures recognition from depth image of videos based on improved Faster R-CNN.,https://www.cabdirect.org/cabdirect/abstract/20183217859,"['YJ Xue', ' XM Zhu', ' C Zheng', ' L Mao', ' AQ Yang…']","… sows, which directly affect theeconomicbenefit of the pig farm. … on improved Faster R-CNN(convolutional neural network) … Moreover, the Center Loss was introduced to Fast R-CNN…",cabdirect.org,35,"/scholar?cites=8420325500327598195&as_sdt=2005&sciodt=0,5&hl=en",2018
nFzuK-0oAYUJ,Automatic Recognition of Plant Leaf Diseases Using Deep Learning (MultilayerCNN) and Image Processing,https://link.springer.com/chapter/10.1007/978-3-031-12413-6_11,"['AN Tusher', 'MT Islam', 'MSR Sammy', ' SA Hasna…']","… Bangladesh is highly dependent on Agricultural production on it’seconomicstrength, however… We have mainly focused onCNNalgorithm for training the dataset and found 95.26% …",Springer,11,"/scholar?cites=9583986481130527900&as_sdt=2005&sciodt=0,5&hl=en",2022
GPF9p6H43jEJ,[PDF][PDF]Carbon emission prediction usingCNN-LSTM,https://www.academia.edu/download/101970189/IJMRAP_V5N5P146Y22.pdf,"['F Li', ' Y Hu', ' L Wang']","… In this paper, aCNN-LSTM-based CO2 emission prediction model is constructed andempirically tested using Chinese data from 2009 to 2019 to calculate and predict the carbon …",academia.edu,1,"/scholar?cites=3593582925871706392&as_sdt=2005&sciodt=0,5&hl=en",2022
P8glki8XkOAJ,AdaBoost-CNN: a hybrid method for electricity theft detection,https://ieeexplore.ieee.org/abstract/document/9436837/,"['Y Yao', 'H Hui', ' Z Liang', ' X Feng…']","Electricity theft causes greateconomiclosses and potential safety hazards to society. With …networks (CNN) for electricity theft detection. In the proposed method, multipleCNN-based …",ieeexplore.ieee.org,5,"/scholar?cites=16181458954225043519&as_sdt=2005&sciodt=0,5&hl=en",2021
HKkxpmLItPoJ,Prediction of Chinese energy structure based on convolutional neural network‐long short‐term memory (CNN‐LSTM),https://onlinelibrary.wiley.com/doi/abs/10.1002/ese3.698,"['Y Li', ' Y He', ' M Zhang']","… China experienced rapideconomicdevelopment that has reached a new normal. Therefore,…Economicvariables are the most commonly used variables to regress energy consumption …",Library,27,"/scholar?cites=18065284331310524700&as_sdt=2005&sciodt=0,5&hl=en",2020
TACWMvnlfxwJ,A faster R-CNNbased high-normalization sample calibration method for dense subway passenger flow detection,https://ieeexplore.ieee.org/abstract/document/8633050/,"['Z Sheng', ' K Tian', ' Q Tian', ' H Qu']","… Abstract—With theeconomicgrowth, the number of rail transit passengers increase … Thenwe chose the Faster R-CNNtarget detection framework in combination with the VGG-16 and …",ieeexplore.ieee.org,9,"/scholar?cites=2053612813562544204&as_sdt=2005&sciodt=0,5&hl=en",2018
GyR9PVNUG_AJ,Carrot Cure: ACNNbased Application to Detect Carrot Disease,https://ieeexplore.ieee.org/abstract/document/9776947/,"['SD Ray', ' MKTK Natasha', 'MA Hakim…']","… which leads to a tremendous effect on theeconomicgrowth in the agricultural sector. An …Cure” based on Convolutional Neural Network (CNN), which can identify a defective carrot …",ieeexplore.ieee.org,4,"/scholar?cites=17301515109964522523&as_sdt=2005&sciodt=0,5&hl=en",2022
ccG1Ffd-qSkJ,Detection of hazelnut varieties and development of mobile application withCNNdata fusion feature reduction-based models,https://link.springer.com/article/10.1007/s00217-023-04369-9,"['B Gencturk', ' S Arsoy', 'YS Taspinar', 'I Cinar…']","… Through these methods, patents for products and devices developed for use in differentindustries can be obtained, thereby increasing theeconomicvalue added of our country. …",Springer,5,"/scholar?cites=3002070226305401201&as_sdt=2005&sciodt=0,5&hl=en",2024
QqJFdRhp-yUJ,"[BOOK][B]Ugly War, Pretty Package: HowCNNand Fox News Made the Invasion of Iraq High Concept",https://books.google.com/books?hl=en&lr=&id=-0x1QCOwPYsC&oi=fnd&pg=PP1&dq=CNN+in+economics&ots=EFukBK4D-4&sig=jAXfkbcayPjE_4jRJ9cIGCyFiBk,['DL Jaramillo'],… Using high concept as a framework for the analysis of the 2003 coverage of the Iraq War--payingclose attention to how Fox News andCNNpackaged and promoted the US invasion of …,books.google.com,64,"/scholar?cites=2736896752325337666&as_sdt=2005&sciodt=0,5&hl=en",2009
3gqnrkjNAmUJ,Butterfly image classification using convolutional neural network (cnn),https://ieeexplore.ieee.org/abstract/document/9538686/,"['F Fauzi', 'AE Permanasari…']","… educational, health,economic, and scientific values which make … (CNN) which has beendiscovered to have the ability to produce accurate results. This study, therefore, proposes aCNN…",ieeexplore.ieee.org,9,"/scholar?cites=7278605659835665118&as_sdt=2005&sciodt=0,5&hl=en",2021
xbnDSJYZCEEJ,[PDF][PDF]Keystroke biometrics for freely typed text based onCNNmodel,https://core.ac.uk/download/pdf/301376084.pdf,"['K Lv', ' J Liu', ' P Tang', 'Q Li']","… settings separately into not only theCNNmodel for training, but also the SVM model fordoing a controlled trial to compare the performance of ourCNNmodel. Specifically, we …",core.ac.uk,7,"/scholar?cites=4686023545535576517&as_sdt=2005&sciodt=0,5&hl=en",2018
fN22JaaFnEIJ,A model for analysis of IoT based aquarium water quality data usingCNNmodel,https://ieeexplore.ieee.org/abstract/document/9682251/,"['AP Gopi', 'KJ Naik']","…Economicvalue fishes …economicsector in the nation, one significant danger to fish farmersis the spread of fish illnesses, which ultimately pose a substantial impediment toeconomic…",ieeexplore.ieee.org,24,"/scholar?cites=4799858251513912700&as_sdt=2005&sciodt=0,5&hl=en",2021
9PNQzVb9wrAJ,Forecasting power demand in China with aCNN-LSTM model including multimodal information,https://www.sciencedirect.com/science/article/pii/S0360544222028985,"['D Wang', ' J Gan', ' J Mao', ' F Chen', ' L Yu']","… is closely related to the level ofeconomicdevelopment. Relevant studies have shown that…economicgrowth [14]; in recent years, the new crown epidemic has led to a globaleconomic…",Elsevier,30,"/scholar?cites=12737021245410833396&as_sdt=2005&sciodt=0,5&hl=en",2023
TO5d5kakDJQJ,Word embedding based news classification by usingCNN,https://ieeexplore.ieee.org/abstract/document/9537091/,"['F Ahmed', 'N Akther', 'M Hasan…']",… advertisements to the readers and incur a greateconomicloss to the advertisers. If these …word embedding with Convolutional Neural Network (CNN) for the classification of English …,ieeexplore.ieee.org,6,"/scholar?cites=10668082241753443916&as_sdt=2005&sciodt=0,5&hl=en",2021
BQx2pbtSk6QJ,DeepCNN-based mango insect classification,https://link.springer.com/chapter/10.1007/978-981-33-6424-0_5,"['M Rahat', 'M Hasan', 'MM Hasan', 'MT Islam…']","… to reduceeconomicloss and elevate mango production. … using three different fine-tunedCNNmodels. This study included … We have also studied other architecture of theCNNmodel, …",Springer,7,"/scholar?cites=11858913209684986885&as_sdt=2005&sciodt=0,5&hl=en",2021
6ugoK8rPcxoJ,[PDF][PDF]A NOVEL MODEL FOR STOCK CLOSING PRICE PREDICTION USINGCNN-ATTENTION-GRU-ATTENTION.,"https://ecocyb.ase.ro/nr2022_3/16.%20Wenjie%20LU,%20Shaowen%20Wu.pdf","['LU Wenjie', ' LI Jiazheng', ' W Jingyang…']","… aCNNAttention-GRU-Attention is proposed in this paper to forecast the stock closingprice of the next trading day. First,CNN… To prove the effectiveness ofCNN-Attention-GRU-Attention …",ecocyb.ase.ro,4,"/scholar?cites=1906095534522296554&as_sdt=2005&sciodt=0,5&hl=en",2022
YG_R4sIOXpAJ,Acnnbased system for predicting the implied volatility and option prices,https://scholarspace.manoa.hawaii.edu/handle/10125/63915,"['X Wei', ' Z Xie', ' R Cheng', 'Q Li']","…CNNis used to tackle the option comovements and time-invariance problems of optionsmarkets. In particular, we first utilizedCNN… fundamental features in a fixedeconomicprinciple. …",scholarspace.manoa.hawaii.edu,6,"/scholar?cites=10402768419464245088&as_sdt=2005&sciodt=0,5&hl=en",2020
hHKXuypGBngJ,A lightweightCNN-based model for early warning in sow oestrus sound monitoring,https://www.sciencedirect.com/science/article/pii/S1574954122003132,"['Y Wang', ' S Li', ' H Zhang', ' T Liu']",… The reproductive performance of sows is an important indicator for evaluating theeconomic… data and deep convolutional neural network (CNN) algorithms by collecting and analysing …,Elsevier,12,"/scholar?cites=8648677283761451652&as_sdt=2005&sciodt=0,5&hl=en",2022
Y-GAVCf1QwsJ,Deeppipe: Operating condition recognition of multiproduct pipeline based on KPCA-CNN,https://ascelibrary.org/doi/full/10.1061/(ASCE)PS.1949-1204.0000641,"['C Wang', 'J Zheng', ' Y Liang', ' Q Liao', 'B Wang…']","… can prevent environmental andeconomiclosses. However, … )-convolutional neural network(CNN) is proposed. Deeppipe … as the input of the proposedCNNrecognition model. Taking …",ascelibrary.org,12,"/scholar?cites=811761907127083363&as_sdt=2005&sciodt=0,5&hl=en",2022
0PCwnZPkDrsJ,"Selective exposure to cable news and immigration in the US: The relationship between FOX News,CNN, and attitudes toward Mexican immigrants",https://www.tandfonline.com/doi/abs/10.1080/08838151.2012.732138,"['H Gil de Zúñiga', 'T Correa…']",… a measure of citizens' ideological preferences oneconomicand social issues. The goal wasto … The other two items registered respondents' preferences on social andeconomicissues …,Francis,209,"/scholar?cites=13478962057423417552&as_sdt=2005&sciodt=0,5&hl=en",2012
WmrtBgiK4aIJ,[PDF][PDF]Faster R-CNNBased Rice Leaf Disease Detection method,https://www.researchgate.net/profile/Juber-Shaikkh/publication/364817597_Faster_R-CNN_Based_Rice_Leaf_Disease_Detection_method/links/635bb8af8d4484154a41cfc9/Faster-R-CNN-Based-Rice-Leaf-Disease-Detection-method.pdf,"['JA Shaikh', 'KP Paradeshi']",… Agriculture has a critical part in the country'seconomicdevelopment; hence it is critical to …These crop diseases are creating troubles for farmers for low output andeconomicloss and …,researchgate.net,1,"/scholar?cites=11736813870984817242&as_sdt=2005&sciodt=0,5&hl=en",2022
GhKcRHkECZAJ,Coffee Price Prediction: An Application ofCNN-BLSTM Neural Networks,https://ieeexplore.ieee.org/abstract/document/10199369/,"['K Mekala', ' V Laxmi', ' H Jagruthi…']","… requires a combination of statistical analysis,economicindicators, and market trends.However, the use of deep learning techniques such asCNNBLSTM can provide a more accurate …",ieeexplore.ieee.org,1,"/scholar?cites=10378831735140651546&as_sdt=2005&sciodt=0,5&hl=en",2023
pNaEiSenlkcJ,A gloveCNN-Bilstm sentiment classification,https://ieeexplore.ieee.org/abstract/document/9674171/,"['P Atandoh', ' Z Fengli', 'D Adu']",… information that could provide a competitive andeconomicadvantage to merchants and other… We further integrate this embedding layer into a deep convolutional neural network (CNN)-…,ieeexplore.ieee.org,5,"/scholar?cites=5158494211452229284&as_sdt=2005&sciodt=0,5&hl=en",2021
QGMfG15ZX1kJ,Monkeypox detection from skin lesion images using an amalgamation ofCNNmodels aided with Beta function-based normalization scheme,https://journals.plos.org/plosone/article?id=10.1371/journal.pone.0281815,"['R Pramanik', ' B Banerjee', ' G Efimenko', 'D Kaplun…']","… Theeconomic, social and cultural impacts of a pandemic cannot be ignored and we shouldbe properly equipped to deal with similar situations in future. Recently, Monkeypox has been …",journals.plos.org,20,"/scholar?cites=6439964252879938368&as_sdt=2005&sciodt=0,5&hl=en",2023
4gfJKzZCldwJ,An IoT-based intelligent farming usingCNNfor early disease detection in rice paddy,https://www.sciencedirect.com/science/article/pii/S0141933122001685,"['O Debnath', 'HN Saha']","… Hugeeconomiclosses occur in the agricultural industry due to bacterial, viral or fungalinfections in crops due to which farmers incur 15–20% losses on their profits annually. India is the …",Elsevier,19,"/scholar?cites=15894683260304295906&as_sdt=2005&sciodt=0,5&hl=en",2022
j9kuL5lac8oJ,Analysis on the influence mechanism of corporate stock price based on Lasso-CNNneural network,https://ieeexplore.ieee.org/abstract/document/9719240/,"['Y Gao', ' Y Yao', ' Y Li']","… , operation ability, capacity foreconomicgrowth, cash flow processing ability, reduces datadimension based on Lasso algorithm, and trainsCNNneural networN, analyzes the factors …",ieeexplore.ieee.org,2,"/scholar?cites=14588103231951264143&as_sdt=2005&sciodt=0,5&hl=en",2021
oOpUpcoMfF8J,Stock Price Prediction based onCNN-LSTM Model in the PyTorch Environment,https://www.atlantis-press.com/proceedings/icedbc-22/125983777,['W Xu'],"… Based on in-depth research onCNNand LSTM, this paper builds aCNN-LSTM stock price…CNNand LSTM alone. The result confirms that theCNNLSTM joint model performs well. …",atlantis-press.com,5,"/scholar?cites=6880388395212008096&as_sdt=2005&sciodt=0,5&hl=en",2022
iaBuKuCQilwJ,ACNN–LSTM model for gold price time-series forecasting,https://link.springer.com/article/10.1007/s00521-020-04867-x,"['IE Livieris', 'E Pintelas', 'P Pintelas']","… The price of gold constitutes a significant part of theeconomicand financial state of banks… or on the other hand significant investment andeconomiclosses. Additionally, gold mining …",Springer,564,"/scholar?cites=6668301490734407817&as_sdt=2005&sciodt=0,5&hl=en",2020
dQR3UltLkj0J,On financial crisis warning of listed companies based onCNN,http://xbgjxt.swu.edu.cn/en/article/doi/10.13718/j.cnki.xsxb.2021.05.011,['TAN Yuan'],"… corresponding countermeasures to strengthen financial management, which is of greatsignificance to improve the capital market system and to promote the high-qualityeconomic…",xbgjxt.swu.edu.cn,3,"/scholar?cites=4436691438510998645&as_sdt=2005&sciodt=0,5&hl=en",2021
ovHoIM5IhmMJ,Image classification of parcel boxes under the underground logistics system usingCNNMobileNet,https://www.mdpi.com/2076-3417/12/7/3337,"['M Kim', ' Y Kwon', ' J Kim', ' Y Kim']","Despite variouseconomiccrisis situations around the world, the courier and delivery servicemarket continues to be revitalized. The parcel shipping volume in Korea is currently 3.37 …",mdpi.com,15,"/scholar?cites=7171499506786693538&as_sdt=2005&sciodt=0,5&hl=en",2022
b77ol3eIo5kJ,Oil well production prediction based onCNN-LSTM model with self-attention mechanism,https://www.sciencedirect.com/science/article/pii/S0360544223020959,"['S Pan', ' B Yang', ' S Wang', ' Z Guo', ' L Wang', ' J Liu', ' S Wu']","… (CNN-LSTM-SA) with the convolutional neural network (CNN), the …CNN-LSTM-SA modelconsists of five parts: input layer,CNN… In this model,CNNis used to extract the spatiotemporal …",Elsevier,11,"/scholar?cites=11070842356237909615&as_sdt=2005&sciodt=0,5&hl=en",2023
_AgBULsCwPEJ,Taking the pulse of theCNNaudience: A case study of the Gulf War,https://www.tandfonline.com/doi/abs/10.1080/10584609.1993.9963001,['LE Gutstadt'],"…CNNuniverse households tuning toCNN. Share: Percent ofCNNuniverse households withTV sets in use, tuning toCNN…Economics: TheCNNaudience is more upscale in education, …",Francis,24,"/scholar?cites=17419926362193463548&as_sdt=2005&sciodt=0,5&hl=en",1993
UPGdG12B1coJ,Leaf disease detection of cucurbits usingCNN,https://www.itm-conferences.org/articles/itmconf/abs/2021/05/itmconf_icacc2021_03043/itmconf_icacc2021_03043.html,"['I Agrawal', ' P Hegde', ' P Shetty…']","… The crops under this family have greateconomicvalue in the food industry and its …Hence, Deep Learning Algorithm likeCNNcan be used to detect the diseases of the plants. …",itm-conferences.org,5,"/scholar?cites=14615730402596090192&as_sdt=2005&sciodt=0,5&hl=en",2021
g1MyiR0syy4J,[BOOK][B]News in the global sphere: A study ofCNNand its impact on global communication,https://books.google.com/books?hl=en&lr=&id=qYvEFZWUSvEC&oi=fnd&pg=PP9&dq=CNN+in+economics&ots=HoAGVJterV&sig=htWMXZRRArUAaz1HOMhlpRzkaC8,['I Volkmer'],"… In Barber's concept, 'McWorld' consists of theeconomicglobal bond in which we allparticipate, be it by the consumption of global icons (Michael Jackson via MTV and movies like …",books.google.com,336,"/scholar?cites=3371837251384398723&as_sdt=2005&sciodt=0,5&hl=en",1999
dmsQQuM-SqYJ,"A low-cost, low-power and real-time image detector for grape leaf esca disease based on a compressedCNN",https://ieeexplore.ieee.org/abstract/document/9491080/,"['L Falaschetti', ' L Manoni', ' RCF Rivera…']","… to control its spread while reducingeconomiclosses. For this … convolutional neural network(CNN) implemented in a low … system, a new low-rankCNNarchitecture (LR-Net) based on …",ieeexplore.ieee.org,22,"/scholar?cites=11982458904359496566&as_sdt=2005&sciodt=0,5&hl=en",2021
x4hiHz4pR1wJ,A Novel Hybrid Model ofCNN-SA-NGU for Silver Closing Price Prediction,https://www.mdpi.com/2227-9717/11/3/862,"['H Wang', ' B Dai', ' X Li', ' N Yu', ' J Wang']","… Predicting the silver price foreconomicdevelopment is of great practical significance.However, the traditional time series prediction models have shortcomings, such as poor nonlinear …",mdpi.com,3,"/scholar?cites=6649328721627089095&as_sdt=2005&sciodt=0,5&hl=en",2023
fAq13hnml1oJ,"Transnational news media coverage of distant suffering in the Syrian civil war: An analysis ofCNN, Al-Jazeera English and Sputnik online news",https://journals.sagepub.com/doi/abs/10.1177/1750635219846029,"['X Zhang', ' CA Luther']",… in the outlets’ countries of origin and the differing political–economicand cultural driversof their news operations.CNNis a commercially run 24/7 news company based in the US. Al-…,journals.sagepub.com,26,"/scholar?cites=6527939183681800828&as_sdt=2005&sciodt=0,5&hl=en",2020
Sl5akayQF2wJ,"Automatic detection of Grape, Potato and Strawberry Leaf Diseases usingCNNand image processing",https://link.springer.com/chapter/10.1007/978-981-16-2641-8_20,"['M Tariqul Islam', 'AN Tusher']","…economicsector in Bangladesh. The cultivation of most of the crops and fruits remain wholeyear long which helps oureconomic… Mainly,CNNis used for the development of the system …",Springer,15,"/scholar?cites=7788853151407955530&as_sdt=2005&sciodt=0,5&hl=en",2022
ncNqyr-myp4J,CNN-LSTM: An efficient hybrid deep learning architecture for predicting short-term photovoltaic power production,https://www.sciencedirect.com/science/article/pii/S0378779622001389,"['A Agga', 'A Abbou', 'M Labbadi', 'Y El Houm…']",…CNN-LSTM model predicts PVPG with excellent accuracy and outperforms the single modelof LSTM and the 2DCNN… performance and a positiveeconomicimpact on electricity prices …,Elsevier,140,"/scholar?cites=11442141145953125277&as_sdt=2005&sciodt=0,5&hl=en",2022
mIdVapfSVgkJ,Prediction of element distribution in cement bycnn,https://link.springer.com/chapter/10.1007/978-3-031-13829-4_67,"['X Zhao', ' Y Zhou', ' J Yuan', ' B Yang', ' X Wu', ' D Wang…']","… institutions do not have such strongeconomicstrength; Secondly, even if it can be rented,it tends to consume considerable time andeconomiccost, which causes difficulties for the …",Springer,1,"/scholar?cites=672956742104352664&as_sdt=2005&sciodt=0,5&hl=en",2022
XrGwpbU_6vMJ,An Asian voice? A comparative study of Channel News Asia andCNN,https://academic.oup.com/joc/article-abstract/53/2/300/4102965,"['K Natarajan', 'H Xiaoming']","… understanding of the uniqueeconomicand political conditions in Asian cities and to bewarned about potential political,economic, and social crises that could affect their business. …",academic.oup.com,57,"/scholar?cites=17575930545168232798&as_sdt=2005&sciodt=0,5&hl=en",2003
NNkYfMCru04J,[PDF][PDF]A novel classifier architecture based on deepCNNneural network for COVID-19 detection using laboratory findings,https://www.academia.edu/download/97921530/A_Novel_Classifier_Architecture_based_on_Deep_CNN_Neural_Network_for_COVID_19_Detection_using_Laboratory_Findings.pdf,['P Dash'],"Unfortunately, Coronavirus disease 2019 (COVID-19) is spreading rapidly all over the world.Along with causing many deaths, it has substantially affected the social life,economics, and …",academia.edu,1,"/scholar?cites=5673316998807345460&as_sdt=2005&sciodt=0,5&hl=en",2023
oY7gioEtzY4J,[PDF][PDF]Leaf Disease Detection and Remedy Recommendation UsingCNNAlgorithm.,https://www.academia.edu/download/93923665/11475.pdf,"['KR Mekala', ' VSRS Modala', ' V Devalla…']",… on life of human beings andeconomicstatus. As leaf plays an important … We usedCNNforclassification of diseases and Remedy … Our results show that theCNNModel achieves 96% …,academia.edu,3,"/scholar?cites=10289930758015454881&as_sdt=2005&sciodt=0,5&hl=en",2022
Rub-wvn2FHUJ,[HTML][HTML]Combining multi-dimensional convolutional neural network (CNN) with visualization method for detection of aphis gossypii glover infection in cotton leaves …,https://www.frontiersin.org/journals/plant-science/articles/10.3389/fpls.2021.604510/full,"['T Yan', ' W Xu', ' P Gao', ' C Zhang']","Cotton is a significanteconomiccrop. It is vulnerable to aphids (…CNNhad a fine classificationperformance, and the classification accuracy could reach 98%. For RGB images, 2DCNN…",frontiersin.org,47,"/scholar?cites=8436639554550556230&as_sdt=2005&sciodt=0,5&hl=en",2021
izhImGjMnY8J,Performance Evaluation of Depthwise SeparableCNNand Random Forest Algorithms for Landslide Susceptibility Prediction,https://ieeexplore.ieee.org/abstract/document/9883954/,"['EO Yilmaz', 'A Teke', 'T Kavzoglu']","Landslides are one of the dangerous gravity-driven geological hazards, endangering humanlife and causing extensive socio-economicand ecological damages. Determining landslide…",ieeexplore.ieee.org,4,"/scholar?cites=10348652268370802827&as_sdt=2005&sciodt=0,5&hl=en",202
vYC6yRHcH6AJ,"Forecasting agricultural commodities prices using deep learning-based models: basic LSTM, bi-LSTM, stacked LSTM,CNNLSTM, and convolutional LSTM",https://www.inderscienceonline.com/doi/abs/10.1504/IJSAMI.2022.125757,"['R Murugesan', ' E Mishra…']","… She has research experience of four years ineconomics. Her … and their application in financialandeconomicapplications. … ACNNcombination of LSTM at the rear, where theCNNgets …",inderscienceonline.com,6,"/scholar?cites=11538182739303497917&as_sdt=2005&sciodt=0,5&hl=en",2022
VWmBzUocl-4J,Convolutional Neural Network (CNN) Algorithm for Geometrical Batik Sade'Motifs,https://ieeexplore.ieee.org/abstract/document/10127829/,"['NWP Septiani', ' HA Setiawan', 'M Lestari…']","In Indonesia, batik was not popular among all socio-economicgroups until the 20 th century…Models were created using theCNNalgorithm to classify batik-sade images.CNNis one …",ieeexplore.ieee.org,2,"/scholar?cites=17192241210111125845&as_sdt=2005&sciodt=0,5&hl=en",2023
S5pLqfPJrugJ,[HTML][HTML]FOTCA: hybrid transformer-CNNarchitecture using AFNO for accurate plant leaf disease image recognition,https://www.frontiersin.org/journals/plant-science/articles/10.3389/fpls.2023.1231903/full,"['B Hu', ' W Jiang', ' L He']","… Plants are widely grown around the world and have higheconomicbenefits. plant leaf …the achievements of convolutional neural network (CNN) in image recognition, but Visual …",frontiersin.org,1,"/scholar?cites=16766560511101475403&as_sdt=2005&sciodt=0,5&hl=en",2023
ITcNuFMvtPUJ,Detecting the simultaneous occurrence of strawberry fungal leaf diseases with a deep normalizedCNN,https://dl.acm.org/doi/abs/10.1145/3529399.3529424,"['D Kerre', ' H Muchiri']","… threat to food security andeconomicdevelopment, but their … deep Convolutional NeuralNetwork (CNN) model for detecting … The performance of theCNNmodel was also compared with …",dl.acm.org,4,"/scholar?cites=17704828071716927265&as_sdt=2005&sciodt=0,5&hl=en",2022
Pzmdmk2pXPoJ,[PDF][PDF]The coverage of Ethiopia in BBC andCNNnews websites,https://www.academia.edu/download/33311198/Tesfaye.pdf,['AM Tesfaye'],"… Ethiopia has an unreported or underreported positive faces and some encouraging social,economicand political transformations. The remarkableeconomicGDP growth rate of …",academia.edu,12,"/scholar?cites=18040480358110935359&as_sdt=2005&sciodt=0,5&hl=en",2014
8jXucAiikYIJ,Verifying rapid increasing of mega-solar PV power plants in Japan by applying aCNN-based classification method to satellite images,https://ieeexplore.ieee.org/abstract/document/9324469/,"['T Kouyama', 'N Imamoglu', 'M Imai…']","Since the huge earth quake in 2011 in Japan, the Japanese government has stronglyencouraged growth of renewable energy use. As a result, even we focus on only mega-solar …",ieeexplore.ieee.org,3,"/scholar?cites=9408479253691774450&as_sdt=2005&sciodt=0,5&hl=en",202
3J6IGOTjxWsJ,A modifiedCNNfor detection of faults during power swing in transmission lines,https://ieeexplore.ieee.org/abstract/document/9362482/,"['A Aparnna', 'S Beevi', ' S Benson…']","… specific to reduce widespread blackouts, andeconomiclosses. This lead to the introductionof … This paper proposes a modified 1-D Convolutional Neural Network (CNN) architecture to …",ieeexplore.ieee.org,6,"/scholar?cites=7765863701273943772&as_sdt=2005&sciodt=0,5&hl=en",2020
ky2-8Y7dfQQJ,CNNbased Leaves Disease Detection in Potato Plant,https://ieeexplore.ieee.org/abstract/document/10112080/,"['R Verma', 'R Mishra', ' P Gupta…']","… The presented model employsCNN, a machine learning algorithm that performs better than… This technology has the potential to reduceeconomiclosses for potato farmers and improve …",ieeexplore.ieee.org,2,"/scholar?cites=323658354251410835&as_sdt=2005&sciodt=0,5&hl=en",2023
Pg6YOl_bhWgJ,[PDF][PDF]Detection of Omicron Caused Pneumonia from Radiology Images Using Convolution Neural Network (CNN).,https://www.academia.edu/download/96723958/pdf.pdf,"['AA Khan', ' MMA Shahid', 'RN Bashir', ' S Iqbal…']",COVID-19 disease caused by the SARS-CoV-2 virus has created social andeconomicdisruption across the world. The ability of the COVID-19 virus to quickly mutate and transfer has …,academia.edu,5,"/scholar?cites=7531667153898442302&as_sdt=2005&sciodt=0,5&hl=en",2023
FQizSvTsu-sJ,"A computer-based text analysis of Al Jazeera, BBC, andCNNnews shares on Facebook: framing analysis on Covid-19 issues",https://journals.sagepub.com/doi/abs/10.1177/21582440211068497,"['A Hossain', ' JA Wahab', 'MSR Khan']","… This study shows how Al Jazeera, BBC, andCNNframe their stories in publishing the …CNNwere covering the numbers of the victims where Al Jazeera tried to focus on theeconomic…",journals.sagepub.com,10,"/scholar?cites=16986430953527379989&as_sdt=2005&sciodt=0,5&hl=en",2022
o2Bv_8QiqJIJ,Critical discourse analysis ofCNNInternational's coverage of Africa,https://www.tandfonline.com/doi/abs/10.1080/08838151.2011.566087,['Y Kalyango Jr'],"… Africa on the whole cannot be portrayed positively on CNNI, regardless of oureconomicprogress. Africa is a magnet for negative news coverage from CNNI. KonyFootnote 8 has more …",Francis,38,"/scholar?cites=10567734755119292579&as_sdt=2005&sciodt=0,5&hl=en",2011
AIBaxvG1YnEJ,A region-level integrated energy load forecasting method based onCNN-LSTM model with user energy label differentiation,https://ieeexplore.ieee.org/abstract/document/9233226/,"['L Wensheng', ' W Kuihua', ' F Liang', ' L Hao…']","… Thus, a regional Integrated energy load forecasting method based on theCNN-LSTM … inputdata,CNN- LSTM model for load forecasting and verify, in whichCNNextracts effective input …",ieeexplore.ieee.org,6,"/scholar?cites=8170292724023066624&as_sdt=2005&sciodt=0,5&hl=en",2020
OXUU3Rhx1ZYJ,CNN-based image analysis for malaria diagnosis,https://ieeexplore.ieee.org/abstract/document/7822567/,"['Z Liang', ' A Powell', 'I Ersoy', 'M Poostchi…']",… a convolutional neural network (CNN) to automatically classify single … accuracy of our new16-layerCNNmodel is 97.37%. A … Theeconomicimpact has been estimated at up to 12 billion …,ieeexplore.ieee.org,301,"/scholar?cites=10868717627330819385&as_sdt=2005&sciodt=0,5&hl=en",2016
w72SD_6iiVQJ,Investigation of differentCNN-based models for improved bird sound classification,https://ieeexplore.ieee.org/abstract/document/8922774/,"['J Xie', ' K Hu', ' M Zhu', ' J Yu', ' Q Zhu']","… In this study, we aim to fuse differentCNN-based models for … to theCNN, we incorporate adifferentCNNarchitecture for … mentaleconomics, healtheconomics, behavioraleconomics, …",ieeexplore.ieee.org,100,"/scholar?cites=6091579183061974467&as_sdt=2005&sciodt=0,5&hl=en",2019
rh6n0bLMFDIJ,Mid-term electricity load prediction usingCNNand Bi-LSTM,https://link.springer.com/article/10.1007/s11227-021-03686-8,"['MJ Gul', 'GM Urfa', 'A Paul', 'J Moon', 'S Rho…']",… Photovoltaic (PV) integration can help ineconomicgrowth. It is a promising renewable …Electricity is considered a key role player ineconomicsand is thus studied by many researchers …,Springer,42,"/scholar?cites=3608734269824245422&as_sdt=2005&sciodt=0,5&hl=en",2021
ZEYe50H_lIQJ,Event prediction within directional change framework using aCNN-LSTM model,https://link.springer.com/article/10.1007/s00521-022-07687-3,"['A Rostamian', ""JG O'Hara""]",… This paper aims to employ theCNN-LSTM model to investigate its predictive competence …pair will be generated and fed to theCNN-LSTM model. TheCNN-LSTM network architecture …,Springer,17,"/scholar?cites=9553541368075142756&as_sdt=2005&sciodt=0,5&hl=en",2022
IBYTPc9NuOEJ,"CNN-LSTM-attention deep learning model for mapping landslide susceptibility in Kerala, India",https://isprs-annals.copernicus.org/articles/X-3-W1-2022/25/2022/isprs-annals-X-3-W1-2022-25-2022.html,"['C Chen', 'L Fan']","… , threats to property security, andeconomicloss. As such, it is … In response to thoseproblems, this study proposed aCNN-… neural network methods (egCNN, LSTM andCNN-LSTM). …",isprs-annals.copernicus.org,2,"/scholar?cites=16264835606726776352&as_sdt=2005&sciodt=0,5&hl=en",2022
v6fclI54o6MJ,IMFinE: an integrated BERT-CNN-BiGRU model for mental health detection in financial context on textual data,https://aclanthology.org/2022.icon-main.19/,"['A Kamal', 'P Mohankumar', 'VK Singh']","… Financial stress is considered aneconomicdeterminant of mental health problems. It isdirectly linked with depression and stress. It spans world-wide, but mainly in those countries that …",aclanthology.org,3,"/scholar?cites=11791400803164268479&as_sdt=2005&sciodt=0,5&hl=en",2022
2hjEowEwIFwJ,A robust deformed convolutional neural network (CNN) for image denoising,https://ietresearch.onlinelibrary.wiley.com/doi/abs/10.1049/cit2.12110,"['Q Zhang', 'J Xiao', 'C Tian…']","… Inspired by that, we propose a robust deformed denoisingCNN(RDDCNN) in this paper.The proposed RDDCNN contains three blocks: a deformable block (DB), an enhanced block (…",Library,91,"/scholar?cites=6638358634344749274&as_sdt=2005&sciodt=0,5&hl=en",2023
nHLMKs6qcJoJ,[HTML][HTML]Prediction of defensive player trajectories in NFL games with defenderCNN-LSTM Model,https://www.amazon.science/publications/prediction-of-defensive-player-trajectories-in-nfl-games-with-defender-cnn-lstm-model,"['LL Cheong', 'X Zeng', ' A Tyagi']","… Roughly 85% of previous cohorts have converted to full timeeconomicsemployment atAmazon. If you are interested, please send your CV to our mailing list at econ-internship@…",amazon.science,3,"/scholar?cites=11128582481690522268&as_sdt=2005&sciodt=0,5&hl=en",2021
vSX7QzY0IBMJ,Process weather image by someCNN,https://ieeexplore.ieee.org/abstract/document/6321550/,"['L Guodong', ' X Wenxia']",…CNNhas been used to process weather image. The first stage is that we provide a methodto wipe off the noise from image by a kind ofCNN(… image to embossment byCNN. We use a …,ieeexplore.ieee.org,3,"/scholar?cites=1378158893648782781&as_sdt=2005&sciodt=0,5&hl=en",2012
mpnRJuzqiKIJ,Classification of solid wastes usingCNNmethod in IoT Het-Net Era,https://link.springer.com/chapter/10.1007/978-3-030-75614-7_8,['F Al'],… have been an essential part of sustainableeconomicgrowth. Recycling is the process of …material types using a convolutional neural network (CNN) approach. The separation of waste …,Springer,2,"/scholar?cites=11711869130961426842&as_sdt=2005&sciodt=0,5&hl=en",2021
